"ID","Description","GeneRatio","BgRatio","RichFactor","FoldEnrichment","zScore","pvalue","p.adjust","qvalue","geneID","Count"
"GO:0050673","epithelial cell proliferation","146/4095","482/18986",0.302904564315353,1.40438243176832,4.71577755193724,3.63709525471388e-06,0.000207814947214294,0.000168454938113064,"ARX/DLX6/CCL26/PAX6/IGF1/SNAI2/HGF/PTPRN/RASGRF1/NGFR/CLDN18/TGFBR3/FAP/CPB2/APOH/ESR1/HMOX1/SIX4/FERMT1/EYA1/SFRP1/FGL1/DLX5/WNT2/GATA3/CXCL12/CCL2/ODAM/MDK/CALCA/GLI1/BMP5/THBS4/TACR1/ID2/ERRFI1/APOA1/KLF9/NR4A3/NKX2-3/TEK/TNFSF11/NR4A1/DBH/BMP4/SOX9/GDF5/SIX1/ZFP36/DLL4/RGN/LOXL2/LAMC1/EDNRB/IL6/IL10/MYC/CCN3/SULF1/THBS1/EGF/LGR5/PDX1/BRCA2/CDH13/IGFBP4/EPHA2/PROK1/ECM1/VASH2/DUSP10/OSR1/REG3G/COL8A1/AGTR1/IGFBP3/GPC3/CDKN2B/WNT3A/WNT7A/CD109/NODAL/MMP14/XDH/SGPP2/PYGO2/PROK2/IHH/RETNLB/HMGB2/SPINK1/FABP7/BMPER/OSR2/JCAD/STXBP4/NKX3-1/IGF2/OR51E2/IL12A/ATOH8/MAP2K1/AR/ZEB2/ROBO1/HAS2/LRG1/APLN/MCC/SCG2/REG3A/OVOL1/CD34/LEP/SFN/NUPR1/SOX11/FUT2/EGR3/SOX2/TMIGD1/NKX2-5/CCR3/ZNF703/IQGAP3/SCN5A/TACSTD2/ZFP36L1/FOXE3/HMX2/C5AR1/HES5/PLXNB3/MIR126/MIR483/ZNF580/ANG/NME1/BGLAP/APELA/NOX5/EPPK1/MMP12/GDF2/UHRF1/DACH1",146
"GO:0060563","neuroepithelial cell differentiation","21/4095","44/18986",0.477272727272727,2.21282051282051,4.22357565382723,0.000104830298709476,0.00253055465256828,0.00205126932929681,"DLX3/WNT11/SERPINE1/LHX3/B9D1/SOX4/BMP4/NKX2-2/MAP1B/EMX1/LEF1/ASCL1/VAX1/DLG5/NODAL/WNT4/MSX1/OTP/INSM1/SOX11/POU3F2",21
"GO:0030856","regulation of epithelial cell differentiation","56/4095","172/18986",0.325581395348837,1.50952096998609,3.52010840540772,0.000522243663546068,0.00850346594815229,0.00689291530394794,"PAX6/TP73/PKP1/MMP9/BMP7/ESRP1/SERPINE1/EZH2/SFRP4/GATA3/FOXN1/CYP27B1/ERRFI1/HOXA7/BMP4/SOX9/IL1B/PAX8/NKX2-2/ZFP36/FOXJ1/HEY2/SPRY2/LEF1/ASCL1/OSR1/REG3G/ABCA12/CDKN2B/CD109/NODAL/XDH/FRZB/MSX1/AQP3/MESP1/ATOH8/SIX2/REG3A/SFN/ETV4/ZBED2/ALOX15B/PLCB1/GDF3/MAFF/ZFP36L1/FOXE3/SPRED3/MAFG/HES5/TRIM16/TLR9/GDF2/CD24/LHX1",56
"GO:0060562","epithelial tube morphogenesis","96/4095","331/18986",0.290030211480363,1.34469196463154,3.31755286111253,0.000817502751729165,0.0116242172095188,0.00942259840733736,"HOXA11/TEAD2/WNT11/ESR1/SIX4/MTHFD1/NFATC4/SALL4/BMP7/FOXF1/EYA1/TMEM59L/WNT2/LHX2/GATA3/KAT2A/FOLR1/MDK/BMP5/WNT6/TCF21/MTHFD1L/STIL/SDC4/BMP4/SOX9/HS3ST3B1/PAX8/WNK4/SIX1/PODXL/DLL4/SPRY2/MYC/LBX1/LEF1/EGF/SEC24B/LGR5/FOXN4/EPHA2/OSR1/RHOB/ADAMTS16/GPC3/RSPO2/ADM/DLG5/HS3ST3A1/DNAAF1/WNT3A/NODAL/MMP14/FOXH1/WNT4/VANGL2/KIF26B/IHH/HAND2/HHIP/CITED2/TBX20/DLC1/CTHRC1/STOX1/RET/SPINT1/MESP1/NKX3-1/GBX2/NPNT/AR/IRX2/SIX2/SOSTDC1/BSG/TCAP/FOXC2/IRX3/SCRIB/RGMA/CSF1R/NKX2-5/CSMD1/TACSTD2/WT1/COL4A1/SRC/HES5/RYR2/DDR1/TRIM71/FOXD1/HOXB7/GDF2/LHX1",96
"GO:0050678","regulation of epithelial cell proliferation","114/4095","406/18986",0.280788177339901,1.30184232844331,3.22396728611656,0.00104721189834018,0.0139957847700915,0.0113449926913023,"ARX/DLX6/CCL26/PAX6/IGF1/SNAI2/PTPRN/NGFR/TGFBR3/CPB2/APOH/HMOX1/SIX4/EYA1/SFRP1/DLX5/WNT2/GATA3/CXCL12/CCL2/ODAM/MDK/GLI1/BMP5/THBS4/TACR1/KLF9/NR4A3/NKX2-3/TEK/NR4A1/DBH/BMP4/SOX9/GDF5/SIX1/ZFP36/DLL4/RGN/LAMC1/EDNRB/IL10/MYC/SULF1/THBS1/EGF/PDX1/BRCA2/CDH13/PROK1/ECM1/VASH2/DUSP10/OSR1/REG3G/AGTR1/GPC3/CDKN2B/WNT3A/WNT7A/CD109/NODAL/XDH/SGPP2/PYGO2/IHH/HMGB2/SPINK1/OSR2/JCAD/STXBP4/NKX3-1/IGF2/IL12A/ATOH8/AR/ROBO1/HAS2/LRG1/APLN/MCC/SCG2/REG3A/OVOL1/LEP/SFN/NUPR1/SOX11/FUT2/EGR3/SOX2/TMIGD1/NKX2-5/CCR3/ZNF703/IQGAP3/SCN5A/TACSTD2/ZFP36L1/FOXE3/HMX2/C5AR1/HES5/PLXNB3/MIR126/MIR483/ZNF580/ANG/NME1/APELA/EPPK1/MMP12/GDF2/UHRF1",114
"GO:0050679","positive regulation of epithelial cell proliferation","66/4095","216/18986",0.305555555555556,1.41667345000678,3.22969037905792,0.00121084745062815,0.0156584147513243,0.0126927216893742,"DLX6/CCL26/IGF1/PTPRN/HMOX1/EYA1/SFRP1/DLX5/WNT2/CXCL12/ODAM/MDK/BMP5/THBS4/TACR1/NR4A3/TEK/NR4A1/BMP4/SOX9/LAMC1/IL10/MYC/EGF/PDX1/CDH13/PROK1/ECM1/VASH2/OSR1/REG3G/AGTR1/WNT3A/WNT7A/NODAL/IHH/HMGB2/SPINK1/OSR2/JCAD/STXBP4/IGF2/AR/HAS2/LRG1/APLN/SCG2/REG3A/SOX11/EGR3/NKX2-5/CCR3/ZNF703/IQGAP3/SCN5A/FOXE3/HMX2/C5AR1/PLXNB3/MIR126/ZNF580/ANG/NME1/APELA/MMP12/GDF2",66
"GO:0002065","columnar/cuboidal epithelial cell differentiation","43/4095","132/18986",0.325757575757576,1.51033781033781,3.08541283706846,0.00215483527738721,0.0242681991095254,0.0196718187691045,"PAX6/ROS1/DLX3/CBFA2T2/PKP1/WNT11/BMP7/SERPINE1/AGR2/LHX3/B9D1/NKX3-2/BMP5/SPDEF/SOX4/BMP4/SOX9/NKX2-2/MAP1B/IL6ST/EMX1/KLF4/LEF1/ASCL1/PDX1/VAX1/DLG5/NODAL/WNT4/MSX1/IL31RA/CDX2/WDR72/OTP/INSM1/SOX11/TYMS/TMIGD1/POU3F2/RFX6/SRC/TLR9/PERCC1",43
"GO:0048754","branching morphogenesis of an epithelial tube","49/4095","158/18986",0.310126582278481,1.4378664935627,2.89826761439679,0.00347182722967006,0.0342969651907227,0.0278011434024112,"HOXA11/ESR1/SIX4/NFATC4/BMP7/FOXF1/EYA1/TMEM59L/WNT2/MDK/WNT6/TCF21/BMP4/SOX9/HS3ST3B1/PAX8/SIX1/DLL4/SPRY2/MYC/LEF1/EGF/EPHA2/ADAMTS16/GPC3/RSPO2/DLG5/HS3ST3A1/MMP14/WNT4/IHH/HHIP/TBX20/NKX3-1/GBX2/NPNT/AR/SIX2/FOXC2/CSMD1/TACSTD2/WT1/COL4A1/SRC/DDR1/FOXD1/HOXB7/GDF2/LHX1",49
"GO:0070633","transepithelial transport","15/4095","37/18986",0.405405405405405,1.87961587961588,2.80847845871336,0.00703899502129266,0.0568597418840606,0.0460905455964497,"CFTR/CLDN18/SLC1A3/PKP1/SLC5A1/AQP8/SLC1A1/RHBG/EDNRB/RHCG/CLDN19/CLCNKB/CLCNKA/P2RY4/SLC26A6",15
"GO:0030858","positive regulation of epithelial cell differentiation","25/4095","74/18986",0.337837837837838,1.56634656634657,2.55976280410013,0.0102330194049382,0.0742788401561246,0.0602104785499736,"PAX6/TP73/PKP1/BMP7/SERPINE1/SFRP4/FOXN1/CYP27B1/BMP4/SOX9/PAX8/NKX2-2/FOXJ1/LEF1/CDKN2B/MESP1/ATOH8/SFN/ETV4/ZBED2/ALOX15B/TRIM16/GDF2/CD24/LHX1",25
"GO:0042045","epithelial fluid transport","7/4095","13/18986",0.538461538461538,2.4965154503616,2.83044812469623,0.010743043386226,0.0762046403296302,0.0617715334856009,"CFTR/CLDN18/PKP1/SLC5A1/AQP8/EDNRB/SLC26A6",7
"GO:0060391","positive regulation of SMAD protein signal transduction","15/4095","40/18986",0.375,1.73864468864469,2.45231994577091,0.0157393205456896,0.101896557545275,0.0825974191236757,"TGFBR3/BMP7/AMH/BMP5/INHBA/BMP4/GDF5/KIAA0319/GDF6/NODAL/BMP10/BMPER/ATOH8/PSG9/GDF2",15
"GO:0001838","embryonic epithelial tube formation","35/4095","115/18986",0.304347826086957,1.41107395020439,2.31868493970608,0.0162925325272436,0.10447405193984,0.0846867378398867,"TEAD2/SIX4/MTHFD1/SALL4/BMP7/LHX2/GATA3/KAT2A/FOLR1/BMP5/WNT6/MTHFD1L/STIL/SDC4/BMP4/SOX9/PAX8/SIX1/SEC24B/OSR1/ADM/NODAL/WNT4/VANGL2/CITED2/DLC1/CTHRC1/RET/SPINT1/IRX2/IRX3/SCRIB/RGMA/HES5/TRIM71",35
"GO:0072175","epithelial tube formation","38/4095","128/18986",0.296875,1.37642704517705,2.24082690216729,0.019076723517133,0.114688593079559,0.0929666518624825,"TEAD2/SIX4/MTHFD1/SALL4/BMP7/LHX2/GATA3/KAT2A/FOLR1/BMP5/WNT6/MTHFD1L/STIL/SDC4/BMP4/SOX9/PAX8/SIX1/PODXL/EGF/SEC24B/OSR1/ADM/NODAL/WNT4/VANGL2/CITED2/DLC1/CTHRC1/RET/SPINT1/IRX2/TCAP/IRX3/SCRIB/RGMA/HES5/TRIM71",38
"GO:0010669","epithelial structure maintenance","14/4095","38/18986",0.368421052631579,1.70814215024741,2.29139983568273,0.022687323246157,0.13192964442303,0.106942259854115,"VSIG1/PBLD/SOX9/TLR4/RBP4/ILDR1/TFF3/TFF1/INAVA/HTR4/MUC13/SCRIB/MUC2/TLR9",14
"GO:0033598","mammary gland epithelial cell proliferation","10/4095","26/18986",0.384615384615385,1.78322532168686,2.09567797560029,0.0376587991589005,0.183952157773829,0.149111744698524,"ESR1/GATA3/ID2/TNFSF11/BRCA2/EPHA2/PYGO2/ROBO1/ZNF703/IQGAP3",10
"GO:0060571","morphogenesis of an epithelial fold","9/4095","23/18986",0.391304347826087,1.81423793597707,2.04895325314513,0.0426714009905536,0.198622933758721,0.161003885729443,"BMP7/WNT2/BMP5/BMP4/HOXD13/SULF1/NODAL/AR/SOSTDC1",9
"GO:1904019","epithelial cell apoptotic process","24/4095","80/18986",0.3,1.39091575091575,1.83737861858142,0.0483162296092724,0.212509518366206,0.172260360694373,"E2F2/FGF4/WNT11/ESR1/HMOX1/E2F1/SFRP4/MDK/DNMT3A/ZFP36/IL6/SIX3/LEF1/PDX1/PRKAA2/HAND2/PLA2G1B/NUPR1/UMODL1/ANXA2/NKX2-5/JAG2/ZFP36L1/RYR2",24
"GO:0060575","intestinal epithelial cell differentiation","10/4095","28/18986",0.357142857142857,1.65585208442351,1.82120561797287,0.0614510766834292,0.247553237764811,0.200666823567595,"CBFA2T2/NKX3-2/SPDEF/SOX9/IL6ST/CDX2/TYMS/TMIGD1/SRC/TLR9",10
"GO:0060576","intestinal epithelial cell development","7/4095","18/18986",0.388888888888889,1.80303893637227,1.78744384673563,0.0729017778603955,0.27433974170063,0.222379981948454,"NKX3-2/SPDEF/IL6ST/TYMS/TMIGD1/SRC/TLR9",7
"GO:0030857","negative regulation of epithelial cell differentiation","17/4095","56/18986",0.303571428571429,1.40747427175999,1.60136090183379,0.0788824855672489,0.292602811264339,0.23718403860727,"MMP9/EZH2/HOXA7/SOX9/SPRY2/OSR1/REG3G/NODAL/XDH/FRZB/MSX1/SIX2/REG3A/GDF3/FOXE3/SPRED3/HES5",17
"GO:0033599","regulation of mammary gland epithelial cell proliferation","6/4095","15/18986",0.4,1.85455433455433,1.73624305222409,0.0834164395048447,0.300299182217441,0.243422722157125,"GATA3/BRCA2/PYGO2/ROBO1/ZNF703/IQGAP3",6
"GO:0072148","epithelial cell fate commitment","6/4095","15/18986",0.4,1.85455433455433,1.73624305222409,0.0834164395048447,0.300299182217441,0.243422722157125,"ARX/HOXA13/SPDEF/NKX2-2/PDPN/SOSTDC1",6
"GO:0035850","epithelial cell differentiation involved in kidney development","15/4095","49/18986",0.306122448979592,1.41930178664873,1.54113074780819,0.0893020596799025,0.317450472423763,0.257325569709693,"MMP9/GATA3/PAX8/PODXL/FOXJ1/EDNRB/OSR1/NPHS1/SIX2/CD34/FOXC2/ADIPOQ/WT1/CD24/LHX1",15
"GO:0072182","regulation of nephron tubule epithelial cell differentiation","5/4095","12/18986",0.416666666666667,1.93182743182743,1.69323403029311,0.0951779524886468,0.326724396752797,0.264843019103271,"GATA3/PAX8/OSR1/CD24/LHX1",5
"GO:2000696","regulation of epithelial cell differentiation involved in kidney development","6/4095","16/18986",0.375,1.73864468864469,1.55000188796324,0.11003736980456,0.358614724826165,0.290693340815044,"MMP9/GATA3/PAX8/OSR1/CD24/LHX1",6
"GO:0072311","glomerular epithelial cell differentiation","8/4095","24/18986",0.333333333333333,1.54546194546195,1.40216243815023,0.126205104464805,0.396218836847237,0.321175259696337,"PODXL/FOXJ1/EDNRB/NPHS1/FOXC2/ADIPOQ/WT1/CD24",8
"GO:0010718","positive regulation of epithelial to mesenchymal transition","17/4095","60/18986",0.283333333333333,1.31364265364265,1.27600286331163,0.132708339436898,0.406506658699616,0.329514575114654,"FERMT2/BMP7/EZH2/COL1A1/MDK/BMP4/IL1B/LOXL2/IL6/LEF1/PDPN/TBX20/TNXB/AXIN2/LRG1/ALX1/ZNF703",17
"GO:0060054","positive regulation of epithelial cell proliferation involved in wound healing","4/4095","10/18986",0.4,1.85455433455433,1.41744973645927,0.150040551351817,0.432817301444704,0.350842000089375,"ODAM/WNT7A/LRG1/MMP12",4
"GO:0060502","epithelial cell proliferation involved in lung morphogenesis","4/4095","10/18986",0.4,1.85455433455433,1.41744973645927,0.150040551351817,0.432817301444704,0.350842000089375,"WNT2/BMP4/SOX9/MAP2K1",4
"GO:1904035","regulation of epithelial cell apoptotic process","15/4095","53/18986",0.283018867924528,1.31218467067524,1.19346617066477,0.152374586442237,0.435915904622072,0.353353729940753,"WNT11/ESR1/HMOX1/SFRP4/MDK/ZFP36/IL6/PDX1/PRKAA2/HAND2/PLA2G1B/NUPR1/UMODL1/NKX2-5/ZFP36L1",15
"GO:0071634","regulation of transforming growth factor beta production","10/4095","33/18986",0.303030303030303,1.40496540496541,1.22097349086419,0.156025489397585,0.44173009129678,0.358066713629341,"PTGS2/FBLN1/WNT11/CD200/FERMT1/LAPTM4B/LILRB1/THBS1/SERPINF2/CD24",10
"GO:0003382","epithelial cell morphogenesis","11/4095","37/18986",0.297297297297297,1.37838497838498,1.20812514362405,0.156321952668289,0.44173009129678,0.358066713629341,"VSIG1/SIPA1L3/HOXA13/PLOD3/AMOTL2/ARHGEF26/POF1B/FRMD6/STC1/IHH/AR",11
"GO:0060572","morphogenesis of an epithelial bud","5/4095","14/18986",0.357142857142857,1.65585208442351,1.2873116067127,0.165735211911676,0.458755066571518,0.371867170212115,"BMP7/WNT2/BMP4/SULF1/SOSTDC1",5
"GO:0072160","nephron tubule epithelial cell differentiation","5/4095","14/18986",0.357142857142857,1.65585208442351,1.2873116067127,0.165735211911676,0.458755066571518,0.371867170212115,"GATA3/PAX8/OSR1/CD24/LHX1",5
"GO:0010633","negative regulation of epithelial cell migration","6/4095","18/18986",0.333333333333333,1.54546194546195,1.21411622012861,0.174167563490553,0.473153484943977,0.383538537976425,"DUSP10/PTPRR/MCC/MACIR/TACSTD2/EPPK1",6
"GO:0001837","epithelial to mesenchymal transition","47/4095","192/18986",0.244791666666667,1.13494861619862,0.98555249244319,0.183852683810883,0.488287639562549,0.395806294044212,"IGF1/SNAI2/HGF/CUL7/TGFBR3/TCOF1/FERMT2/WNT11/BMP7/FAM83D/SFRP1/WNT2/EZH2/GATA3/COL1A1/MDK/BMP5/BMP4/SOX9/IL1B/ELL3/GSC/LOXL2/HEY2/SPRY2/IL6/FOXF2/LEF1/ADAM15/PHLDB2/NCAM1/HMGA2/DLG5/PDPN/WNT4/MSX1/TBX20/HEY1/TNXB/AXIN2/HAS2/LRG1/ALX1/ZNF703/SPRED3/SP6/SLC39A10",47
"GO:0071635","negative regulation of transforming growth factor beta production","4/4095","11/18986",0.363636363636364,1.68595848595849,1.19336584915171,0.197454370509616,0.511541522268673,0.414655907244119,"FBLN1/LAPTM4B/LILRB1/CD24",4
"GO:0060231","mesenchymal to epithelial transition","6/4095","19/18986",0.315789473684211,1.46412184306921,1.06140177249179,0.210830127754036,0.527310446589457,0.427438208065956,"GATA3/PAX8/TCF15/WNT4/SIX2/WT1",6
"GO:0071636","positive regulation of transforming growth factor beta production","6/4095","19/18986",0.315789473684211,1.46412184306921,1.06140177249179,0.210830127754036,0.527310446589457,0.427438208065956,"PTGS2/WNT11/CD200/FERMT1/THBS1/SERPINF2",6
"GO:0141091","transforming growth factor beta receptor superfamily signaling pathway","92/4095","397/18986",0.231738035264484,1.07442694445213,0.785900837054827,0.232830339334962,0.572922699872833,0.464411531722629,"ITGA3/ZC3H3/DKK3/FSTL4/DLX3/TGFBR3/FERMT2/HIVEP1/BMP7/FERMT1/SMPD3/SFRP1/COMP/DLX5/HOXA13/SFRP4/DKK1/PBLD/FOLR1/IL17F/BMP5/LOX/LTBP2/EGR1/INHBA/ACVR1C/NDP/BMP4/GDF5/ID1/SPART/KCP/AMHR2/SPRY2/SULF1/SORL1/THBS1/TET1/CILP/BMPR1B/LEF1/SLC39A5/ARK2C/PRDM16/CCN1/DLX1/SCUBE3/IGSF1/GPC3/CDKN2B/WIF1/GDF6/CD109/NODAL/NBL1/FOXH1/MSX1/BMP10/HPGD/CITED2/TBX20/BMPER/COL1A2/NPNT/FSTL5/HTRA4/ZEB2/FOS/HTRA3/LRG1/SOSTDC1/SOX11/JUN/DAND5/GREM2/RGMA/PSG9/ZNF703/GDF3/SPRED3/SRC/ADAMTSL2/HES5/MIR210/POU5F1/CRIPTO3/CRIPTO/PEG10/FOXD1/SCX/GDF2/GDF10",92
"GO:0071604","transforming growth factor beta production","10/4095","36/18986",0.277777777777778,1.28788495455162,0.90664220830237,0.234813498052867,0.57462415162014,0.465790729670789,"PTGS2/FBLN1/WNT11/CD200/FERMT1/LAPTM4B/LILRB1/THBS1/SERPINF2/CD24",10
"GO:0072310","glomerular epithelial cell development","4/4095","12/18986",0.333333333333333,1.54546194546195,0.99116499122028,0.248592579520101,0.586684718568602,0.475567033474465,"PODXL/FOXJ1/NPHS1/ADIPOQ",4
"GO:0060390","regulation of SMAD protein signal transduction","20/4095","80/18986",0.25,1.15909645909646,0.747783714396426,0.265204510456757,0.612873354777248,0.496795559867438,"TGFBR3/BMP7/AMH/DKK1/BMP5/INHBA/BMP4/GDF5/CCN3/KIAA0319/CILP/GDF6/NODAL/BMP10/TBX20/BMPER/ATOH8/PSG9/MIR483/GDF2",20
"GO:0002064","epithelial cell development","51/4095","219/18986",0.232876712328767,1.07970629066519,0.622139177921564,0.291076668284789,0.657535542284247,0.532998759557051,"PAX6/ROS1/ESR1/VSIG1/SIPA1L3/HOXA13/PLOD3/NKX3-2/EXPH5/BMP5/AMOTL2/ARHGEF26/TJP2/POF1B/SPDEF/BMP4/SOX9/IL1B/NKX2-2/BFSP1/PODXL/FOXJ1/IL6ST/EDNRB/SIX3/FRMD6/EPHA2/ABCA12/WNT7A/HYDIN/STC1/HOXB13/NPHS1/FRZB/TMEM79/IHH/DNASE1L2/AR/BFSP2/MYD88/INSM1/SFN/FOXC2/TYMS/KCNE1/ADIPOQ/TMIGD1/PLCB1/PDE2A/SRC/TLR9",51
"GO:0060441","epithelial tube branching involved in lung morphogenesis","8/4095","30/18986",0.266666666666667,1.23636955636956,0.679436915399316,0.312097960947,0.684658718132411,0.554984824419945,"FOXF1/WNT2/BMP4/SOX9/SPRY2/RSPO2/DLG5/HHIP",8
"GO:0010631","epithelial cell migration","23/4095","97/18986",0.237113402061856,1.09934921893685,0.51441800751884,0.340868671239073,0.73179251446982,0.593191511915163,"ITGA3/ANLN/KITLG/EPB41L4B/MMP9/FERMT1/TACR1/PKN1/SOX9/DUSP10/PTPRR/GDF6/PKN3/ITGA2/ZEB2/HAS2/LRG1/MCC/MACIR/TACSTD2/NANOS1/SRC/EPPK1",23
"GO:0050680","negative regulation of epithelial cell proliferation","40/4095","175/18986",0.228571428571429,1.05974533403105,0.416377638915909,0.367193578773942,0.751166666860402,0.608896213072117,"PAX6/SNAI2/NGFR/TGFBR3/CPB2/APOH/SFRP1/GATA3/CCL2/KLF9/BMP4/SOX9/GDF5/DLL4/RGN/SULF1/THBS1/PDX1/BRCA2/DUSP10/GPC3/CDKN2B/CD109/XDH/NKX3-1/IL12A/ATOH8/AR/ROBO1/MCC/SCG2/OVOL1/SFN/NUPR1/SOX2/TMIGD1/MIR126/MIR483/EPPK1/GDF2",40
"GO:0002066","columnar/cuboidal epithelial cell development","13/4095","54/18986",0.240740740740741,1.11616696061141,0.448282288774119,0.377864932150145,0.763328834716543,0.618754874640933,"PAX6/ROS1/NKX3-2/BMP5/SPDEF/BMP4/NKX2-2/IL6ST/INSM1/TYMS/TMIGD1/SRC/TLR9",13
"GO:1904037","positive regulation of epithelial cell apoptotic process","5/4095","19/18986",0.263157894736842,1.22010153589101,0.503350927803769,0.39182640772487,0.779059316358607,0.631506013801149,"WNT11/HMOX1/SFRP4/IL6/PLA2G1B",5
"GO:0002011","morphogenesis of an epithelial sheet","15/4095","64/18986",0.234375,1.08665293040293,0.364133004059556,0.405489439661381,0.79690382777251,0.64597078693793,"FERMT2/BMP7/FERMT1/BMP5/DLL4/CCN1/PHLDB2/WNT7A/PDPN/TBX20/LRG1/SOX11/DDR1/FIGNL2/MMP12",15
"GO:0072575","epithelial cell proliferation involved in liver morphogenesis","6/4095","24/18986",0.25,1.15909645909646,0.408972763074857,0.418117562401368,0.807118838797084,0.65425108184951,"CPB2/FGL1/MDK/GLI1/IL6/WNT3A",6
"GO:0030511","positive regulation of transforming growth factor beta receptor signaling pathway","8/4095","33/18986",0.242424242424242,1.12397232397232,0.373777412379126,0.420331630748372,0.807118838797084,0.65425108184951,"TGFBR3/FERMT1/THBS1/CDKN2B/CITED2/NPNT/ZEB2/LRG1",8
"GO:1903846","positive regulation of cellular response to transforming growth factor beta stimulus","8/4095","33/18986",0.242424242424242,1.12397232397232,0.373777412379126,0.420331630748372,0.807118838797084,0.65425108184951,"TGFBR3/FERMT1/THBS1/CDKN2B/CITED2/NPNT/ZEB2/LRG1",8
"GO:0060395","SMAD protein signal transduction","22/4095","97/18986",0.22680412371134,1.05155142680916,0.266926932568818,0.434122653178285,0.815489318366515,0.661036198304061,"TGFBR3/BMP7/AMH/DKK1/BMP5/INHBA/BMP4/GDF5/CCN3/KIAA0319/CILP/GDF6/NODAL/BMP10/TBX20/BMPER/ATOH8/FOS/JUN/PSG9/MIR483/GDF2",22
"GO:0060742","epithelial cell differentiation involved in prostate gland development","3/4095","11/18986",0.272727272727273,1.26446886446886,0.46009797601684,0.434587194550171,0.815489318366515,0.661036198304061,"HOXB13/AR/PSAPL1",3
"GO:0060767","epithelial cell proliferation involved in prostate gland development","3/4095","11/18986",0.272727272727273,1.26446886446886,0.46009797601684,0.434587194550171,0.815489318366515,0.661036198304061,"SOX9/NKX3-1/AR",3
"GO:0090162","establishment of epithelial cell polarity","8/4095","34/18986",0.235294117647059,1.09091431444373,0.278236771148789,0.456500455239117,0.840651932356362,0.681433030385883,"FERMT1/FOXF1/SIPA1L3/PTK7/FRMD4B/TCF15/FBF1/HES5",8
"GO:0090136","epithelial cell-cell adhesion","4/4095","17/18986",0.235294117647059,1.09091431444373,0.196654927399334,0.515960400594408,0.883287898543698,0.715993773690223,"THBS4/CCN3/IHH/SERPINB8",4
"GO:0002067","glandular epithelial cell differentiation","16/4095","73/18986",0.219178082191781,1.01619415592018,0.0726958898805191,0.517067874414233,0.883968905257162,0.716545798197166,"PAX6/AGR2/LHX3/BMP5/SPDEF/BMP4/SOX9/NKX2-2/KLF4/ASCL1/PDX1/WNT4/IL31RA/INSM1/RFX6/PERCC1",16
"GO:0060317","cardiac epithelial to mesenchymal transition","8/4095","36/18986",0.222222222222222,1.0303079636413,0.0954495142953581,0.527248984723495,0.899645664892583,0.729253390262115,"SNAI2/TGFBR3/WNT2/HEY2/ADAM15/MSX1/HEY1/HAS2",8
"GO:0002070","epithelial cell maturation","6/4095","27/18986",0.222222222222222,1.0303079636413,0.0826420817194845,0.542338398084137,0.917599441257269,0.743806733642609,"SIX3/HOXB13/TMEM79/TYMS/KCNE1/TMIGD1",6
"GO:0060287","epithelial cilium movement involved in determination of left/right asymmetry","3/4095","13/18986",0.230769230769231,1.06993519301212,0.132272564151331,0.554938342764104,0.921150319492229,0.746685077964495,"DNAH11/DNAAF1/CFAP53",3
"GO:0060487","lung epithelial cell differentiation","6/4095","29/18986",0.206896551724138,0.959252242010863,-0.11515644094442,0.618225970630305,0.97254643725323,0.788346806116096,"TP73/AGR2/SPDEF/SOX9/FOXJ1/ASCL1",6
"GO:1904036","negative regulation of epithelial cell apoptotic process","6/4095","29/18986",0.206896551724138,0.959252242010863,-0.11515644094442,0.618225970630305,0.97254643725323,0.788346806116096,"MDK/PDX1/PRKAA2/HAND2/NUPR1/NKX2-5",6
"GO:0010632","regulation of epithelial cell migration","14/4095","69/18986",0.202898550724638,0.940715966802923,-0.258705985744803,0.648530128985343,0.999569655346862,0.810251845154912,"ITGA3/EPB41L4B/MMP9/TACR1/SOX9/DUSP10/PTPRR/ITGA2/HAS2/MCC/MACIR/TACSTD2/SRC/EPPK1",14
"GO:0030859","polarized epithelial cell differentiation","5/4095","25/18986",0.2,0.927277167277167,-0.190800933210638,0.653012669089925,0.999569655346862,0.810251845154912,"FOXF1/PTK7/TCF15/DLG5/SCRIB",5
"GO:0003198","epithelial to mesenchymal transition involved in endocardial cushion formation","3/4095","15/18986",0.2,0.927277167277167,-0.147754809668039,0.658520686270616,0.999569655346862,0.810251845154912,"SNAI2/HEY2/MSX1",3
"GO:0060768","regulation of epithelial cell proliferation involved in prostate gland development","2/4095","10/18986",0.2,0.927277167277167,-0.120625401931065,0.66975018814426,0.999569655346862,0.810251845154912,"NKX3-1/AR",2
"GO:0003351","epithelial cilium movement involved in extracellular fluid movement","9/4095","46/18986",0.195652173913043,0.907118967988533,-0.330739665422386,0.685676737540966,1,0.810600682824595,"SPAG6/DNAH11/CWH43/CABYR/DNAAF1/SPAG17/CFAP53/CFAP43/DNAAF4",9
"GO:0003337","mesenchymal to epithelial transition involved in metanephros morphogenesis","2/4095","11/18986",0.181818181818182,0.842979242979243,-0.273169897118032,0.722008631165169,1,0.810600682824595,"PAX8/SIX2",2
"GO:0045198","establishment of epithelial cell apical/basal polarity","3/4095","17/18986",0.176470588235294,0.818185735832795,-0.393278782760842,0.743456739234029,1,0.810600682824595,"FOXF1/PTK7/TCF15",3
"GO:0060644","mammary gland epithelial cell differentiation","3/4095","17/18986",0.176470588235294,0.818185735832795,-0.393278782760842,0.743456739234029,1,0.810600682824595,"FOXF1/ID2/ZNF703",3
"GO:0045197","establishment or maintenance of epithelial cell apical/basal polarity","9/4095","49/18986",0.183673469387755,0.851581071989235,-0.545509179300834,0.758865200301633,1,0.810600682824595,"WNT11/FOXF1/LHX2/PTK7/TCF15/DLG2/DLG5/CDX2/SCRIB",9
"GO:0032908","regulation of transforming growth factor beta1 production","2/4095","12/18986",0.166666666666667,0.772730972730973,-0.412973086925388,0.767093277486164,1,0.810600682824595,"LAPTM4B/THBS1",2
"GO:0010717","regulation of epithelial to mesenchymal transition","24/4095","126/18986",0.19047619047619,0.88312111169254,-0.690272898560384,0.785672564616475,1,0.810600682824595,"FERMT2/BMP7/SFRP1/EZH2/GATA3/COL1A1/MDK/BMP5/BMP4/IL1B/ELL3/LOXL2/SPRY2/IL6/LEF1/PHLDB2/PDPN/TBX20/TNXB/AXIN2/LRG1/ALX1/ZNF703/SPRED3",24
"GO:0032905","transforming growth factor beta1 production","2/4095","13/18986",0.153846153846154,0.713290128674744,-0.542271325984894,0.805666901981084,1,0.810600682824595,"LAPTM4B/THBS1",2
"GO:0002068","glandular epithelial cell development","6/4095","36/18986",0.166666666666667,0.772730972730973,-0.715743179711654,0.819390920147806,1,0.810600682824595,"PAX6/BMP5/SPDEF/BMP4/NKX2-2/INSM1",6
"GO:0010634","positive regulation of epithelial cell migration","8/4095","48/18986",0.166666666666667,0.772730972730973,-0.826730838150255,0.842315428183935,1,0.810600682824595,"ITGA3/EPB41L4B/MMP9/TACR1/SOX9/ITGA2/HAS2/SRC",8
"GO:0002069","columnar/cuboidal epithelial cell maturation","2/4095","15/18986",0.133333333333333,0.618184778184778,-0.775754096965416,0.86612006702218,1,0.810600682824595,"TYMS/TMIGD1",2
"GO:0060392","negative regulation of SMAD protein signal transduction","6/4095","39/18986",0.153846153846154,0.713290128674744,-0.939885703715012,0.874852486935467,1,0.810600682824595,"TGFBR3/DKK1/CCN3/CILP/TBX20/MIR483",6
"GO:0071559","response to transforming growth factor beta","58/4095","313/18986",0.185303514376997,0.859138589490027,-1.31773316049226,0.919253596688019,1,0.810600682824595,"ITGA3/DKK3/TGFBR3/FERMT2/FERMT1/MXRA5/SFRP1/WNT2/PBLD/COL1A1/FOLR1/SOX6/IL17F/LOX/FNDC4/LTBP2/NDP/SOX9/GDF5/ID1/POSTN/COL4A2/AMHR2/SPRY2/THBS1/TET1/CILP/PRDM16/DLX1/CDKN2B/ANKRD1/WNT7A/CD109/NODAL/FOXH1/WNT4/HPGD/CITED2/COL1A2/NPNT/HTRA4/ZEB2/FOS/HTRA3/LRG1/SOX11/JUN/DAND5/PSG9/ZNF703/ZFP36L1/PDE2A/SPRED3/SRC/ADAMTSL2/PEG10/SCX/GDF10",58
"GO:0071560","cellular response to transforming growth factor beta stimulus","56/4095","306/18986",0.183006535947712,0.848488911234009,-1.40115770175744,0.931610169403962,1,0.810600682824595,"ITGA3/DKK3/TGFBR3/FERMT2/FERMT1/SFRP1/WNT2/PBLD/COL1A1/FOLR1/SOX6/IL17F/LOX/LTBP2/NDP/SOX9/GDF5/ID1/POSTN/COL4A2/AMHR2/SPRY2/THBS1/TET1/CILP/PRDM16/DLX1/CDKN2B/ANKRD1/WNT7A/CD109/NODAL/FOXH1/WNT4/HPGD/CITED2/COL1A2/NPNT/HTRA4/ZEB2/FOS/HTRA3/LRG1/SOX11/JUN/DAND5/PSG9/ZNF703/ZFP36L1/PDE2A/SPRED3/SRC/ADAMTSL2/PEG10/SCX/GDF10",56
"GO:1903845","negative regulation of cellular response to transforming growth factor beta stimulus","1/4095","14/18986",0.0714285714285714,0.331170416884703,-1.31278394276042,0.966711618457508,1,0.810600682824595,"DLX1",1
"GO:0007179","transforming growth factor beta receptor signaling pathway","42/4095","250/18986",0.168,0.778912820512821,-1.84529347754211,0.975404642437006,1,0.810600682824595,"ITGA3/DKK3/TGFBR3/FERMT2/FERMT1/PBLD/FOLR1/IL17F/LOX/LTBP2/NDP/GDF5/ID1/AMHR2/SPRY2/THBS1/TET1/CILP/PRDM16/CDKN2B/CD109/NODAL/FOXH1/HPGD/CITED2/COL1A2/NPNT/HTRA4/ZEB2/FOS/HTRA3/LRG1/SOX11/JUN/DAND5/PSG9/ZNF703/SPRED3/SRC/ADAMTSL2/PEG10/GDF10",42
"GO:1903844","regulation of cellular response to transforming growth factor beta stimulus","28/4095","183/18986",0.153005464480874,0.709392368408762,-2.07152084995135,0.987315091784162,1,0.810600682824595,"ITGA3/DKK3/TGFBR3/FERMT1/PBLD/FOLR1/IL17F/LOX/SPRY2/THBS1/TET1/CILP/PRDM16/DLX1/CDKN2B/CD109/CITED2/NPNT/HTRA4/ZEB2/HTRA3/LRG1/SOX11/DAND5/ZNF703/SPRED3/ADAMTSL2/PEG10",28
"GO:0017015","regulation of transforming growth factor beta receptor signaling pathway","27/4095","180/18986",0.15,0.695457875457876,-2.15281014706803,0.990000813727665,1,0.810600682824595,"ITGA3/DKK3/TGFBR3/FERMT1/PBLD/FOLR1/IL17F/LOX/SPRY2/THBS1/TET1/CILP/PRDM16/CDKN2B/CD109/CITED2/NPNT/HTRA4/ZEB2/HTRA3/LRG1/SOX11/DAND5/ZNF703/SPRED3/ADAMTSL2/PEG10",27
"GO:0010719","negative regulation of epithelial to mesenchymal transition","5/4095","56/18986",0.0892857142857143,0.413963021105878,-2.30310665008715,0.996566947401065,1,0.810600682824595,"SFRP1/GATA3/BMP5/SPRY2/SPRED3",5
"GO:0030512","negative regulation of transforming growth factor beta receptor signaling pathway","13/4095","132/18986",0.0984848484848485,0.456613756613757,-3.28521786328264,0.999887222366452,1,0.810600682824595,"TGFBR3/PBLD/SPRY2/TET1/CILP/PRDM16/CD109/HTRA4/HTRA3/DAND5/SPRED3/ADAMTSL2/PEG10",13
